id,label,generated_answer,session_id
3_18870118_1887-01-17_016_002.txt_0,"En 1887, quel argument principal M. Achard avance-t-il pour réduire et contrôler les fonds secrets du ministère de l'Intérieur, et comment la presse décrit-elle l'utilisation de ces fonds ?","En 1887, M. Achard avance principalement l'argument que les fonds secrets du ministère de l'Intérieur, d'un montant de 2 millions de francs, doivent être réduits à 700 000 francs et soumis au contrôle du Parlement. Il justifie cette position en soulignant que ces fonds ont été utilisés de manière abusive dans le passé, notamment pour des dépenses inavouables ou inavouées, telles que des subventions à la presse, des traitements supplémentaires pour des fonctionnaires, et des largesses à des favoris du pouvoir. 

La presse, comme le décrit M. Achard, a été stipendiée avec ces fonds, ce qui a permis de modifier l'opinion publique par la force de l'argent. Il dénonce également l'utilisation de ces fonds pour soutenir des journaux agréables et adoucir des journaux désagréables, ce qui constitue une concurrence déloyale et un outrage à la souveraineté nationale. M. Achard insiste sur le fait que ces pratiques sont incompatibles avec les principes d'une République démocratique et qu'elles doivent être abolies pour garantir la transparence et la moralité des dépenses publiques.",1
6_18870119_1887-01-18_006_002.txt_0,"En 1887, quel argument principal M. Maurice-Faure avance-t-il pour supprimer les indemnités des aumôniers dans les prisons départementales, et comment la presse rapporte-t-elle la réaction de la Chambre face à cette proposition ?","M. Maurice-Faure argue que les prisons départementales, avec un nombre limité de détenus souvent originaires de la région, peuvent être desservies par le clergé paroissial déjà rémunéré par l'État, rendant superflues les indemnités spécifiques pour les aumôniers. Il souligne que ces indemnités constituent un cumul de traitements pour des tâches mineures, et propose ainsi une économie de 200 000 francs. La presse (Document 4) rapporte que cette proposition est rejetée par 253 voix contre 241, grâce aux voix de la droite, permettant ainsi aux prisonniers de conserver l'accès à un soutien religieux.",1
12_18870126_1887-01-25_006_003.txt_0,"En 1887, comment la presse critique-t-elle le processus de création de chaires d'enseignement supérieur, et en quoi cela contraste-t-il avec les arguments du ministre de l'Instruction publique lors du débat parlementaire ?","La presse de 1887 critique le processus de création de chaires d'enseignement supérieur en soulignant l'absence de méthode et de planification rationnelle. Elle met en évidence que les décisions sont souvent prises au hasard, en réponse à des demandes locales plutôt qu'en fonction des besoins réels. Par exemple, la création de collèges et de lycées pour jeunes filles est décrite comme répondant davantage aux aspirations des municipalités qu'à une stratégie éducative cohérente. Cette critique est illustrée par des cas spécifiques, comme le lycée de Montauban et le collège de Saumur, où les coûts de construction sont jugés excessifs et les résultats en termes de fréquentation décevants.

En contraste, le ministre de l'Instruction publique, lors du débat parlementaire, défend la création de ces établissements en insistant sur leur nécessité pour répondre à la demande croissante d'éducation et pour améliorer le niveau de l'enseignement. Il met en avant l'augmentation du nombre d'élèves et de professeurs, ainsi que le développement de l'instruction publique en général. Le ministre justifie également les dépenses en soulignant l'importance de l'investissement dans l'éducation pour l'avenir du pays. Il rejette les critiques sur le manque de planification en affirmant que les créations sont guidées par des besoins réels et non par des considérations politiques ou locales.

En résumé, tandis que la presse dénonce un processus de création désorganisé et coûteux, le ministre défend une approche nécessaire et stratégique, mettant en avant les bénéfices à long terme pour l'éducation nationale.",1
15_18870128_1887-01-27_006_002.txt_0,"En 1887, quelle critique M. Thellier de Poncheville formule-t-il à l'égard de l'expansion de l'enseignement secondaire pour les jeunes filles, et comment la presse résume-t-elle son argument principal ?","En 1887, M. Thellier de Poncheville critique l'expansion de l'enseignement secondaire pour les jeunes filles en soulignant plusieurs points :

1. **Manque de planification et de méthode** : Il dénonce l'absence de stratégie dans la création des établissements, qui répondent souvent à des demandes locales plutôt qu'à des besoins réels. Il cite l'exemple de la création de lycées et collèges sans tenir compte des coûts et des ressources disponibles.

2. **Coûts élevés et inefficacité** : Il met en avant les coûts importants des établissements (comme le lycée de Montauban et le collège de Saumur) et le faible taux de remplissage des classes (143 élèves par établissement en moyenne), ce qui, selon lui, démontre une inefficacité dans l'utilisation des fonds publics.

3. **Risque de surproduction de diplômées** : Il s'inquiète du sort des jeunes filles diplômées, issues de milieux modestes, qui ne trouveront pas de postes correspondant à leur niveau d'éducation, ce qui pourrait conduire à une situation de déclassement social.

La presse, dans le **Document 4**, résume son argument principal en soulignant que l'expansion de l'enseignement secondaire pour les jeunes filles risque de produire une ""nouvelle catégorie de déclassées"", c'est-à-dire des jeunes filles diplômées qui ne pourront pas trouver d'emploi correspondant à leur niveau d'éducation, ce qui pose des problèmes sociaux et moraux.",1
17_18870128_1887-01-27_006_002.txt_2,"Comment M. Thellier de Poncheville propose-t-il de gérer le budget de l'enseignement secondaire des jeunes filles, et quelle est la réaction de la presse face à cette proposition ?","M. Thellier de Poncheville propose de maintenir le budget de l'enseignement secondaire des jeunes filles au niveau de l'exercice 1886, sans l'augmenter. Il critique la progression indéfinie des dépenses et suggère que l'État devrait encourager l'initiative privée plutôt que de se substituer à elle. Il met en avant des problèmes de gestion, de planification et de coût dans la création des établissements, citant des exemples de dépenses excessives et de résultats mitigés en termes de fréquentation. Il argue que l'augmentation du budget ne répond pas nécessairement aux besoins réels et pourrait être une dépense inutile.

La réaction de la presse, bien que non explicitement mentionnée dans les documents fournis, peut être inférée à travers les commentaires et les applaudissements des députés. Les documents suggèrent que la proposition de M. Thellier de Poncheville est bien accueillie à droite, avec des applaudissements et des marques d'assentiment, tandis qu'elle est critiquée à gauche. Le rapporteur du budget, par exemple, défend vigoureusement l'augmentation du budget, qualifiant l'amendement de M. Thellier de Poncheville de tentative de supprimer les effets de la loi sur l'enseignement secondaire des jeunes filles. La presse de l'époque, reflétant ces divisions politiques, aurait probablement soutenu ou critiqué la proposition selon son orientation politique, avec la presse conservatrice appuyant les arguments de M. Thellier de Poncheville et la presse républicaine s'y opposant.",1
20_18870202_1887-02-01_004_005.txt_0,"En 1887, comment le ministre de l'Agriculture, M. Develle, justifie-t-il le maintien de la direction des haras, et quelle perception l'article de presse donne-t-il de cette institution ?","En 1887, le ministre de l'Agriculture, M. Develle, justifie le maintien de la direction des haras en soulignant plusieurs points clés :

1. **Réforme et contrôle** : Il reconnaît que l'administration des haras a besoin d'une surveillance et d'un contrôle sévères, ce qui justifie le maintien d'une direction spécifique. Il mentionne que des enquêtes ont été menées et des abus réprimés, montrant ainsi que des réformes ont déjà été entreprises.

2. **Compétence et charge de travail** : M. Develle met en avant la haute compétence et la charge de travail importante du directeur de l'agriculture, qui traite annuellement 45 000 affaires. Il estime que lui confier également la direction des haras serait excessif.

3. **Responsabilité politique** : Le ministre déclare qu'il ne pourrait accepter la responsabilité de la suppression de la direction des haras, qu'il considère comme fâcheuse et déplorable.

L'article de presse (Document 4) donne une perception contrastée de l'institution des haras :

- **Critique politique** : L'administration des haras est décrite comme ""fort mal vue de la majorité"" et considérée comme une institution ""aristocratique"" et ""la dernière citadelle de la réaction"". La commission du budget souhaite la ""démocratiser"" en la confiant aux vétérinaires, perçus comme plus républicains.

- **Défense parlementaire** : Le ministre et des députés comme M. le comte de Kersauson et M. Riotteau défendent vigoureusement l'administration des haras, soulignant son utilité pour l'élevage et l'économie nationale.

- **Enjeu budgétaire** : La question du maintien du crédit pour la direction des haras est au cœur du débat, avec des amendements proposés pour rétablir ou supprimer ce crédit.

En résumé, M. Develle justifie le maintien de la direction des haras par des arguments de réforme, de compétence et de responsabilité politique, tandis que l'article de presse révèle une perception politisée de l'institution, oscillant entre critiques et défenses passionnées.",1
35_18870209_1887-02-08_005_000.txt_0,"En 1887, comment M. Vacher justifie-t-il la taxation des eaux minérales dans son discours à la Chambre, et comment la presse commente-t-elle cette proposition ?","M. Vacher justifie la taxation des eaux minérales en 1887 en arguant que cette industrie, autrefois naissante, est désormais prospère et que sa consommation est devenue un luxe. Il compare cette taxe à celles déjà appliquées aux vins et au café, soulignant que l'État a investi dans les infrastructures (chemins de fer) pour soutenir ces industries. Il propose une taxe modérée de 10 centimes par bouteille, doublée pour les ""eaux miraculeuses"" comme celles de Lourdes. La presse, dans le *Document 2*, critique cette idée, la qualifiant d'""idée merveilleuse"" ironiquement, et souligne son rejet par la Chambre (265 voix contre 203). Elle défend la liberté de consommation des eaux minérales, refusant qu'elles soient ""flétries par le fisc"".",1
37_18870209_1887-02-08_005_000.txt_2,"Comment M. Vacher aborde-t-il la question des 'eaux miraculeuses' dans son discours, et quelle est la réaction de la presse à cette proposition ?","M. Vacher propose une taxe double sur les ""eaux miraculeuses"" comme celles de la Salette et de Lourdes, arguant que ces sources bénéficient d'une publicité gratuite grâce à leur réputation de cures miraculeuses. Il suggère que les exploitants de ces sources ne devraient pas s'opposer à cette taxe, étant donné les avantages qu'ils en tirent. La presse, dans le Document 2, critique cette idée, la qualifiant d'""anticléricale"" et se moquant de la tentative de M. Vacher de justifier la taxe. Malgré cela, l'amendement est rejeté par une large majorité (265 voix contre 203), indiquant que la proposition de taxer les eaux miraculeuses n'a pas été bien accueillie par l'assemblée.",1
41_18870215_1887-02-14_006_000.txt_0,"En 1887, comment l'article de presse explique-t-il l'origine des poursuites contre M. Amagat, et quelle justification M. Andrieux apporte-t-il à la Chambre pour demander leur suspension ?","L'article de presse explique que M. Amagat, député du Cantal, est poursuivi pour dénonciation calomnieuse par le procureur de la République de la Seine, suite à des démêlés judiciaires avec un médecin militaire. M. Andrieux justifie sa demande de suspension des poursuites en invoquant l'article 14 de la loi constitutionnelle du 16 juillet 1875, qui prévoit que la détention ou la poursuite d'un parlementaire est suspendue pendant la session si la Chambre le requiert. Il cite des précédents où la Chambre a suspendu des poursuites pour des députés, comme M. de Baudry d'Asson en 1879 et M. Talandier, pour affirmer que la Chambre doit maintenir cette jurisprudence afin de préserver sa dignité et l'immunité parlementaire.",1
47_18870218_1887-03-08_009_012.txt_0,"En 1887, comment M. Achard justifie-t-il son opposition au droit supplémentaire sur les céréales, et comment la presse décrit-elle l'argumentation de M. Deschanel en faveur de ce droit ?","En 1887, M. Achard justifie son opposition au droit supplémentaire sur les céréales en soulignant plusieurs points clés :

1. **Liberté d'alimentation** : Il considère que la question des céréales est une question de principe, liée à la liberté d'alimentation, qui est un droit primordial. Il argue que taxer le blé, aliment de base, serait une forme d'oppression légale, citant Bastiat pour appuyer son argument.

2. **Question sociale** : Achard insiste sur le fait que la question des céréales est sociale et non économique. Il rappelle les crises de disette du XVIIIe siècle et la nécessité de garantir l'accès au pain à des prix abordables pour toutes les classes de la population.

3. **Exemples internationaux** : Il mentionne que des pays comme la Belgique, le Danemark, les Pays-Bas, la Suisse et l'Angleterre n'imposent pas de droits sur les céréales, ce qui renforce son argument en faveur de la liberté des subsistances.

4. **Évolution des opinions** : Achard critique l'évolution récente des opinions en faveur des droits protecteurs sur le blé, qu'il juge opportuniste et basée sur des récoltes exceptionnellement mauvaises plutôt que sur une analyse à long terme.

La presse, quant à elle, décrit l'argumentation de M. Deschanel en faveur du droit supplémentaire sur les céréales comme suit :

1. **Engagements passés** : Deschanel affirme qu'il y a eu des engagements formels envers les représentants de l'agriculture, qui ont été réduits au silence lors de la discussion du tarif des douanes. Il soutient que l'industrie et le commerce se sont fait la part du lion, et que les agriculteurs ont été compensés par des promesses qui ne sont pas tenues aujourd'hui.

2. **Équité dans la protection** : Il argue que puisque l'agriculture ne bénéficie pas de la liberté absolue, elle doit au moins bénéficier de l'égalité dans la protection. Il invoque l'argument de l'équité, suggérant que les agriculteurs méritent une protection similaire à celle accordée aux objets manufacturés.

3. **Pression de l'opinion publique** : Deschanel souligne la pression de l'opinion publique en faveur d'un droit sur les céréales, suggérant que refuser cette demande pourrait menacer les institutions politiques.

En résumé, Achard s'oppose au droit supplémentaire sur les céréales pour des raisons de principe, de justice sociale et d'exemples internationaux, tandis que Deschanel le soutient en invoquant des engagements passés, l'équité dans la protection et la pression de l'opinion publique.",1
48_18870218_1887-03-08_009_012.txt_1,"Quel argument historique M. Achard utilise-t-il pour soutenir son opposition au droit sur les céréales, et comment la presse résume-t-elle la position de M. Thévenet sur cette question ?","M. Achard utilise l'argument historique de l'opposition générale au droit sur les céréales lors des discussions du tarif général des douanes en 1880. Il cite plusieurs députés, dont le marquis de Roys, M. Waddington, et M. Rouvier, qui ont tous exprimé leur opposition à un tel droit, reconnaissant son impossibilité et son impact négatif sur la consommation du peuple. 

La presse, dans le Document 3, résume la position de M. Thévenet en le décrivant comme un ""partisan du pain cher"", suggérant qu'il soutient les augmentations de droits sur les céréales, contrairement à M. Lyonnais, qui s'y oppose.",1
54_18870226_1887-03-05_012_008.txt_1,"Quels arguments M. Peytral avance-t-il contre l'augmentation du droit sur les céréales, et comment la presse résume-t-elle les positions des défenseurs de cette augmentation ?","M. Peytral avance plusieurs arguments contre l'augmentation du droit sur les céréales :

1. **Inefficacité du droit de 3 francs** : Il affirme que le droit existant de 3 francs n'a pas produit les effets escomptés et que l'augmentation à 5 francs ne résoudra pas non plus la crise agricole.

2. **Absence de justification** : Il critique l'absence de justification claire pour le choix du chiffre de 5 francs, suggérant que cela pourrait être une mesure provisoire et insuffisante.

3. **Impact sur les populations défavorisées** : Il souligne que l'augmentation du droit pèsera principalement sur les populations les plus pauvres, qui consomment le plus de pain, et non sur les agriculteurs.

4. **Risque de protection inversée** : Il met en garde contre le risque de protéger les produits étrangers (comme les pâtes italiennes) au détriment des produits français, en raison des traités de commerce existants.

5. **Conséquences sur l'industrie** : Il prévient que les modifications fréquentes des tarifs douaniers peuvent déstabiliser les industries, les exposant à des risques de ruine.

La presse, quant à elle, résume les positions des défenseurs de l'augmentation du droit en mettant en avant :

- **La nécessité de protéger l'agriculture française** : Les défenseurs du droit de 5 francs arguent que cela est essentiel pour soutenir les agriculteurs face à la concurrence étrangère.

- **La crise agricole** : Ils insistent sur la gravité de la crise agricole et la nécessité de mesures fortes pour y remédier.

- **La légitimité du droit** : Ils défendent le principe même du droit sur les céréales comme un outil légitime de protection économique.

En résumé, M. Peytral critique l'augmentation du droit sur les céréales pour son inefficacité, son impact social inéquitable et ses risques économiques, tandis que la presse présente les défenseurs de cette mesure comme des partisans de la protection agricole face à une crise profonde.",1
69_18870315_1887-03-14_007_004.txt_0,"En 1887, quelle solution le ministre des Finances propose-t-il pour l'application de la surtaxe sur les blés, et comment la presse rapporte-t-elle la décision finale de la Chambre sur ce point ?","En 1887, le ministre des Finances propose que la surtaxe sur les blés s'applique à tous les blés introduits en France à partir du jour de la promulgation de la loi, sans effet rétroactif. Il s'oppose aux amendements qui viseraient à affranchir de la surtaxe les blés déjà en mer ou embarqués avant la promulgation, car cela profiterait aux importateurs et priverait le Trésor de recettes. La presse ne rapporte pas explicitement la décision finale de la Chambre sur ce point dans les documents fournis.",1
85_18870401_1887-03-31_012_011.txt_0,"En 1887, quels arguments M. Granet avance-t-il pour défendre les subventions aux services maritimes postaux, et comment la presse résume-t-elle les critiques de MM. Félix Faure et Mérillon ?","**Arguments de M. Granet en faveur des subventions (Document 1) :**
- **Intérêt national** : Les subventions ne doivent pas être évaluées sous l'angle des intérêts particuliers, mais au regard de l'intérêt général (commerce, industrie, prestige extérieur, et action politique).  
- **Compensation des charges** : Les services postaux subissent des contraintes (itinéraires fixes, départs obligatoires, navires perfectionnés) justifiant une aide étatique pour équilibrer leurs coûts.  
- **Impact économique** : Les subventions stimulent le développement de la marine marchande et du commerce, comme le montre l'essor des échanges après l'installation de lignes subventionnées (exemple du Brésil et de la Plata).  
- **Concurrence internationale** : Les subventions permettent au pavillon français de rivaliser avec les marines étrangères, notamment dans des zones stratégiques (Méditerranée, Indo-Chine, etc.).  

**Résumé des critiques par la presse (Document 4) :**  
- **Félix Faure (Le Havre)** et **Mérillon (Bordeaux)** expriment leur mécontentement envers le port d'attache de Marseille pour les Messageries maritimes.  
- Ils réclament un desserte du littoral océanique jusqu'à Dunkerque et remettent en cause l'itinéraire choisi (via Gibraltar) pour les lignes vers l'Asie, le jugeant moins efficace.  
- La presse souligne l'insatisfaction des ports concurrents et la longueur des débats, tout en notant que M. Granet a répondu de manière jugée concluante, mettant en avant les économies et les améliorations du nouveau traité.",1
87_18870401_1887-03-31_012_011.txt_2,"Comment M. Granet répond-il aux accusations selon lesquelles les subventions étoufferaient la marine marchande libre, et quelle est la perception de la presse sur l'efficacité de sa réponse ?","M. Granet conteste l'idée que les subventions étouffent la marine marchande libre en soulignant que l'histoire des subventions postales est synonyme de progrès et de développement pour la marine et l'industrie françaises. Il cite l'exemple du commerce avec le Brésil et la Plata, où le volume des échanges est passé de 32 à 300 millions après l'introduction de services subventionnés. Il affirme que les subventions ne concurrencent pas la marine marchande libre, mais plutôt la marine étrangère, et que les paquebots subventionnés, en transportant des voyageurs et des dépêches, jouent un rôle complémentaire à celui des cargos. 

La presse, représentée ici par Henri Conseil, considère que M. Granet a répondu de manière ""concluante"" aux critiques et observations, mettant en avant les avantages du nouveau traité, notamment en termes d'économie pour le Trésor et d'amélioration des conditions de rapidité pour les voyageurs et les marchandises. La réponse de M. Granet est donc perçue comme efficace et persuasive par la presse.",1
88_18870403_1887-04-04_007_001.txt_0,"En 1887, quelle procédure M. Emmanuel Arène propose-t-il pour traiter la demande de poursuites contre MM. de Douville-Maillefeu et Sans-Leroy, et comment M. Paul de Cassagnac justifie-t-il son opposition à cette proposition ?","En 1887, M. Emmanuel Arène propose de voter la déclaration d'urgence et de procéder à la discussion immédiate de la demande en autorisation de poursuites contre MM. de Douville-Maillefeu et Sans-Leroy. M. Paul de Cassagnac s'oppose à cette proposition en arguant que la procédure habituelle, qui consiste à renvoyer la demande aux bureaux pour examen par une commission, est une garantie des droits et de la liberté des députés incriminés. Il explique que cette procédure évite qu'un député soit poursuivi à la suite d'un ""entraînement passionné de l'Assemblée"", protégeant ainsi l'inviolabilité parlementaire. Cassagnac insiste pour que cette procédure ne soit pas modifiée, même dans ce cas spécifique, afin de préserver les droits des députés.",1
97_18870513_1887-05-12_005_000.txt_0,"En 1887, quels dangers spécifiques M. Steenackers souligne-t-il pour le personnel de l'Opéra-Comique en cas d'incendie, et comment la presse résume-t-elle ces risques ?","En 1887, M. Steenackers met en lumière plusieurs dangers spécifiques pour le personnel de l'Opéra-Comique en cas d'incendie :

1. **Issues insuffisantes** : Le théâtre dispose d'une seule issue par un escalier tortueux pour le personnel en scène, ce qui rendrait l'évacuation extrêmement difficile en cas de feu.  
2. **Configuration des loges** : Les artistes, situés dans des loges réparties sur sept étages, sont entassés et ne sont reliés que par des ponts de bois étroits (60 cm de large), qui seraient rapidement inutilisables en cas d'incendie.  
3. **Escaliers dangereux** : Les escaliers en bois des deux côtés du théâtre, comptant 170 marches, agiraient comme des ""cheminées d'appel"" en cas de feu, piégeant les personnes tentant de s'échapper.  
4. **Risque de panique** : M. Steenackers évoque le scénario d'une évacuation chaotique, comparant la situation à l'incendie du théâtre des Arts de Rouen en 1878, où de nombreuses victimes sont mortes en tentant de fuir.  

**Résumé de la presse** :  
La presse résume ces risques en insistant sur l'**""inévitabilité""** de l'incendie selon le ministre Berthelot, qui déclare que l'Opéra-Comique ""brûlera nécessairement, ce n'est qu'une question de temps"". Elle souligne également l'**impasse financière** (coût de 3,2 millions de francs pour des aménagements) et la **passivité gouvernementale**, concluant par une formule ironique : *""Attendons tranquillement l'incendie""*.",1
98_18870513_1887-05-12_005_000.txt_1,"Quelle solution M. Steenackers propose-t-il pour améliorer la sécurité de l'Opéra-Comique, et comment la presse commente-t-elle la faisabilité financière de ce projet ?","M. Steenackers propose l'acquisition de la maison adjacente à l'Opéra-Comique, située boulevard des Italiens, pour augmenter le périmètre de la scène et créer des issues de secours supplémentaires. Cette solution permettrait de réorganiser les locaux pour améliorer la sécurité du personnel en cas d'incendie. 

La presse commente la faisabilité financière du projet avec scepticisme. Le coût initial est estimé à 3,262,000 francs, mais M. Steenackers suggère de déduire le prix de l'immeuble de la place Louvois (800,000 francs) et la valeur des loyers des boutiques de la maison à acquérir (1,200,000 francs), réduisant ainsi la dépense effective à environ 1 million de francs. Cependant, la presse souligne que le ministre des finances, M. Dauphin, est connu pour sa rigueur budgétaire, et l'idée de lui demander trois millions de francs est considérée comme ""superlativement bouffonne"". Le commentaire suggère que le projet est peu susceptible d'être approuvé en raison des contraintes financières.",1
105_18870527_1887-05-23_020_000.txt_0,"En 1887, quelle justification M. de Cassagnac donne-t-il à la Chambre pour s'opposer à la création d'une commission sur la sécurité des théâtres, et comment la presse évalue-t-elle l'efficacité des commissions parlementaires en général ?","En 1887, M. de Cassagnac s'oppose à la création d'une commission sur la sécurité des théâtres en arguant que cela constituerait un ""abaissement du pouvoir législatif"" et que la Chambre des députés ne devrait pas se transformer en une ""commission de police"". Il souligne que les prescriptions de police sont déjà appliquées de manière générale, notamment dans les théâtres subventionnés, et que cela relève de la compétence du préfet de police. 

Quant à l'évaluation de l'efficacité des commissions parlementaires par la presse, les documents fournis ne contiennent pas suffisamment d'informations pour répondre à cette partie de la question. Les débats rapportés se concentrent principalement sur les discussions à la Chambre des députés et ne mentionnent pas l'opinion de la presse sur les commissions parlementaires. 

**Réponse :** M. de Cassagnac s'oppose à la création d'une commission sur la sécurité des théâtres en arguant que cela abaisserait le pouvoir législatif et transformerait la Chambre en une commission de police. Les documents ne fournissent pas d'informations sur l'évaluation de l'efficacité des commissions parlementaires par la presse.",1
107_18870527_1887-05-23_020_000.txt_2,"Quelle proposition de M. Achard concernant l'incendie de l'Opéra-Comique a été adoptée par la Chambre, et comment la presse commente-t-elle l'échec de sa seconde proposition sur la commission de sécurité des théâtres ?","La proposition de M. Achard adoptée par la Chambre est l'ouverture d'un crédit extraordinaire de 200 000 francs pour venir en aide aux victimes de l'incendie de l'Opéra-Comique. 

La presse commente l'échec de sa seconde proposition, visant à créer une commission pour examiner les mesures de protection publique dans les théâtres, en soulignant que cette question relève de la police et non du législateur. Le journal met en avant les arguments de M. Paul de Cassagnac, qui estime qu'il existe déjà des règlements suffisants et que leur application incombe au ministre de l'Intérieur et au préfet de police. La presse note également le scepticisme général envers l'efficacité des commissions parlementaires, qualifiant leur résultat de ""néant"".",1
116_18870607_1887-05-23_150_007.txt_0,"En 1887, quels arguments M. de Lamarzelle avance-t-il à la Chambre contre le projet de loi militaire, et comment la presse résume-t-elle son discours sur les conséquences sociales et économiques de cette loi ?","En 1887, M. de Lamarzelle s'oppose au projet de loi militaire en avançant plusieurs arguments clés :

1. **Impact sur l'éducation** : Il affirme que la loi, en imposant deux à trois ans de service militaire aux jeunes, y compris les instituteurs, nuira gravement à l'enseignement. Les instituteurs, interrompus dans leurs études, deviendront médiocres, ce qui fera baisser le niveau intellectuel de la population.

2. **Conséquences économiques** : Il soutient que l'affaiblissement intellectuel entraînera une diminution de la force économique, commerciale et industrielle de la France, la plaçant en position d'infériorité face à des nations comme l'Allemagne.

3. **Inégalité face aux concurrents étrangers** : Il souligne que les Français seront désavantagés par rapport aux étrangers, notamment dans les colonies, où ces derniers ne sont pas soumis aux mêmes obligations militaires.

4. **Critique de la démocratie égalitariste** : Il dénonce une vision de la démocratie qui cherche à abaisser les supériorités plutôt qu'à les encourager, ce qui, selon lui, exploiterait l'envie et nuirait à la nation.

**Résumé de la presse** :  
La presse résume le discours de M. de Lamarzelle en insistant sur ses mises en garde contre les conséquences sociales et économiques du projet de loi. Elle souligne son argument selon lequel la loi entraînera un abaissement intellectuel et économique de la France, la rendant moins compétitive sur la scène internationale. La presse relève également sa critique de la démocratie égalitariste, qu'il accuse de favoriser l'envie et de nuire à l'excellence.",1
117_18870607_1887-05-23_150_007.txt_1,"Comment M. de Lamarzelle justifie-t-il son opposition au projet de loi militaire en termes d'impact sur l'enseignement primaire, et quelle interprétation la presse donne-t-elle de la motivation profonde derrière cette loi ?","M. de Lamarzelle s'oppose au projet de loi militaire en arguant qu'il aura un impact négatif sur l'enseignement primaire. Il craint que l'armée ne recrute les meilleurs candidats pour devenir instituteurs, ce qui entraînerait une baisse de la qualité de l'enseignement. Il souligne que les instituteurs, après une interruption de deux ou trois ans pour le service militaire, seraient moins qualifiés et moins capables d'enseigner efficacement. Cela, selon lui, entraînerait une baisse du niveau intellectuel des élèves et, par extension, de la population française dans son ensemble.

La presse, quant à elle, suggère que la motivation profonde derrière cette loi n'est pas seulement l'application de théories démocratiques et égalitaires, mais aussi une volonté de porter un coup au catholicisme en France. M. de Lamarzelle cite un livre, ""La Démocratie et l'armée"", qui indique que l'armée, organisée par les soins des promoteurs de cette loi, deviendrait une arme politique contre les ennemis intérieurs, c'est-à-dire les catholiques. Il accuse ainsi les promoteurs de la loi de vouloir utiliser l'armée pour affaiblir l'influence de l'Église catholique en France.",1
119_18870608_1887-05-23_161_000.txt_0,"En 1887, quel argument principal M. Charles Dupuy avance-t-il à la Chambre pour justifier l'application du service militaire aux fils d'étrangers, et comment la presse commente-t-elle cette proposition ?","En 1887, M. Charles Dupuy avance principalement l'argument de l'équité et de la justice pour justifier l'application du service militaire aux fils d'étrangers nés en France. Il souligne que ces individus, bien qu'étrangers, bénéficient de tous les avantages de la vie française (éducation, assistance médicale, etc.) sans en assumer les charges, notamment le service militaire. Il les décrit comme des personnes qui ""se servent de la France sans la servir"". Dupuy insiste sur le fait que ces individus, installés en France depuis plusieurs générations, doivent être considérés comme Français de droit et incorporés dans le contingent militaire.

La presse commente cette proposition en relayant les préoccupations de l'opinion publique, notamment à travers des pétitions et des articles. Par exemple, la presse mentionne une pétition des élèves de l'École des Beaux-Arts, qui dénoncent les privilèges accordés aux étrangers, notamment leur exemption du service militaire, ce qui crée une situation de concurrence inéquitable. La presse souligne également les inquiétudes des villes du Midi, comme Toulon, où des rixes sanglantes impliquant des ouvriers étrangers sont fréquentes, et où le conseil municipal a émis un vœu en faveur de l'amendement de Dupuy. Ces commentaires reflètent une opinion publique de plus en plus préoccupée par la présence et les privilèges des étrangers en France.",1
130_18870617_1887-05-23_259_000.txt_0,"En 1887, quels arguments M. Steenackers avance-t-il pour justifier la taxe sur les étrangers, et comment la presse rapporte-t-elle la position du président du Conseil face à cette proposition ?","En 1887, M. Steenackers justifie la taxe sur les étrangers en rappelant que plusieurs propositions de loi ont déjà été présentées sur ce sujet et en soulignant la nécessité d'un impôt spécial pour les étrangers résidant en France. La presse rapporte que le président du Conseil, M. Rouvier, exprime des réserves sur le principe même de cette loi. Il met en avant les traités de commerce qui garantissent aux étrangers le libre exercice de leur profession en France, en vertu de la réciprocité. M. Rouvier estime qu'il ne faut pas compromettre les relations avec les nations étrangères pour un intérêt aussi mince, et il conclut en disant qu'il ne faut pas ériger une ""muraille de la Chine"" aux frontières de la France.",1
132_18870617_1887-05-23_259_000.txt_2,"Pourquoi la commission présidée par M. de Mortillet a-t-elle pris du retard dans l'examen de la proposition de taxe sur les étrangers, et comment la presse décrit-elle l'attitude de la Chambre face à cette situation ?","La commission présidée par M. de Mortillet a pris du retard dans l'examen de la proposition de taxe sur les étrangers en raison de la complexité de la question et du besoin de s'entourer de nombreux documents. M. de Mortillet explique que la commission a dû étudier diverses catégories d'étrangers (touristes, voyageurs de commerce, salariés, étudiants, etc.) et leurs implications économiques et juridiques, notamment en lien avec les traités de commerce. La presse décrit l'attitude de la Chambre comme hésitante et prudente. Le président du conseil, M. Rouvier, exprime des réserves sur le principe de la loi, soulignant les obligations des traités de commerce et le risque de nuire aux relations internationales. La Chambre refuse d'adresser une sommation à la commission, préférant attendre son rapport sans précipitation.",1
146_18870628_1887-05-23_409_003.txt_0,"En 1887, quel argument principal M. Raynal avance-t-il contre la proposition de M. Labordère concernant le mode d'élection du Sénat, et comment la presse décrit-elle la teneur de ce débat ?","En 1887, M. Raynal s'oppose à la proposition de M. Labordère visant à faire élire le Sénat par suffrage universel en arguant que le Sénat actuel est déjà ""sage, gentil et vertueux"", et qu'il fait suffisamment de concessions. Il souligne que le Sénat a voté des lois importantes comme l'expulsion des Princes et la laïcité de l'instruction primaire, et qu'il ne voit donc pas l'utilité de changer son mode d'élection. La presse décrit ce débat comme une ""comédie parlementaire"" où les échanges sont vifs, avec des ""gros mots"" et des accusations d'insolence entre la gauche et le centre. Le débat dévie rapidement de la question de l'urgence pour s'attaquer au fond, c'est-à-dire à l'existence même du Sénat.",1
148_18870628_1887-05-23_409_003.txt_2,"Quelle est la position de M. Raynal concernant l'urgence de la proposition de M. Labordère, et comment la presse caractérise-t-elle la demande d'urgence de M. Labordère ?","M. Raynal s'oppose à la déclaration d'urgence pour la proposition de M. Labordère, arguant que la question de l'élection du Sénat par suffrage universel ne nécessite pas une action immédiate. Il souligne que le Sénat a fait preuve de déférence et d'harmonie envers la Chambre des députés, et que la proposition devrait être discutée dans des conditions de sérénité, impliquant les deux délibérations habituelles.

La presse, dans le Document 1, caractérise la demande d'urgence de M. Labordère comme une ""comédie parlementaire"" et une ""explosion"" d'un ""pétard assez inoffensif"". Elle suggère que cette demande est plus une démonstration qu'une nécessité réelle, et que l'urgence n'est pas justifiée compte tenu du temps disponible avant le renouvellement triennal du Sénat.",1
149_18870629_1887-05-23_422_011.txt_0,"En 1887, quel argument principal M. Millerand avance-t-il contre l'exemption du service militaire pour les élèves de l'École normale, et comment la presse décrit-elle la position des républicains opposés à cette exemption ?","En 1887, M. Millerand s'oppose à l'exemption du service militaire pour les élèves de l'École normale en arguant que cela crée une inégalité inacceptable devant la loi militaire, violant le principe républicain d'égalité de tous les citoyens. Il souligne que cette exemption est non seulement inutile et dangereuse pour l'image de l'École, mais aussi humiliante pour les instituteurs qui, eux, doivent passer par la caserne. La presse, comme illustré dans le Document 5, décrit les républicains opposés à cette exemption (dont Millerand) comme défendant le principe d'égalité et refusant toute dérogation à la loi militaire, tout en critiquant l'idée que l'exemption soit une faveur pour les normaliens, la qualifiant plutôt d'injure.",1
151_18870629_1887-05-23_422_011.txt_2,"Comment M. Millerand justifie-t-il son opposition à l'exemption du service militaire pour les élèves de l'École normale en termes d'égalité, et quelle ironie la presse relève-t-elle dans la position de la commission de l'armée ?","M. Millerand justifie son opposition à l'exemption du service militaire pour les élèves de l'École normale en soulignant que cela crée une inégalité inacceptable. Il argue que si l'on accorde cette exemption pour des raisons non militaires (comme l'importance de leurs études), on ouvre la porte à d'autres exemptions, ce qui fragilise le principe d'égalité devant la loi militaire. Il insiste sur le fait que cette exemption est perçue comme une injure envers les instituteurs et les autres membres de l'enseignement, qui, eux, doivent passer par la caserne. 

La presse relève une ironie dans la position de la commission de l'armée : alors que la commission avait initialement rejeté l'article 21, elle l'a finalement accepté sous la pression du ministre de l'Instruction publique, M. Berthelot, qui a plaidé pour une exception en faveur de l'École normale. Cette décision est critiquée comme une ""cote mal taillée"", résultant d'une transaction politique plutôt que d'une réflexion approfondie sur les principes d'égalité et de justice.",1
161_18870705_1887-05-23_567_016.txt_0,"En 1887, quels arguments M. Niel avance-t-il pour réformer la composition des conseils de révision départementaux, et comment la presse décrit-elle la réaction de la majorité face à ces propositions ?","Je ne sais pas. Les documents fournis ne contiennent pas suffisamment d'informations pour répondre à la question sur les arguments de M. Niel concernant la réforme des conseils de révision départementaux en 1887, ni sur la réaction de la presse à ces propositions. Les documents traitent principalement de discussions budgétaires, de vérifications de pouvoirs, et d'autres sujets non liés à la question posée.",1
162_18870705_1887-05-23_567_016.txt_1,"Selon M. Niel, pourquoi est-il crucial de modifier la composition des conseils de révision départementaux en 1887, et quelle critique la presse formule-t-elle à l'égard du rôle du préfet dans ces conseils ?","Je ne sais pas. Les documents fournis ne mentionnent pas M. Niel ni ne discutent de la composition des conseils de révision départementaux en 1887. Ils ne contiennent pas non plus de critique de la presse concernant le rôle du préfet dans ces conseils. Les documents traitent principalement des débats parlementaires sur le budget de 1887, notamment les questions relatives aux sous-préfets, aux inspecteurs généraux, et aux fonds secrets, ainsi que des réformes administratives proposées.",1
165_18870706_1887-05-23_618_004.txt_1,"Selon M. Delafosse, quel est le principal problème du service militaire de trois ans proposé, et comment la presse en décrit-elle les conséquences pratiques ?","Selon M. Delafosse, le principal problème du service militaire de trois ans proposé est qu'il ne peut être appliqué de manière effective en raison des contraintes budgétaires et de l'insuffisance des cadres militaires. Il affirme que, malgré les promesses, le service sera réduit à environ vingt mois en raison de congés et de renvois anticipés, ce qui affaiblit l'armée. La presse, à travers les discours rapportés, souligne que cette situation entraîne une armée composée des ""indisciplinés"" et des ""pauvres"", excluant les plus aisés qui peuvent éviter le service. Cela crée une inégalité sociale et une démotivation générale, transformant le service militaire en une ""corvée"" plutôt qu'en un devoir patriotique.",1
185_18870714_1887-05-23_842_000.txt_0,"En 1887, comment M. Floquet justifie-t-il son retour à la présidence de la Chambre après sa démission, et comment la presse commente-t-elle le ton de son discours ?","M. Floquet justifie son retour à la présidence de la Chambre des députés en 1887 en expliquant que la Chambre a refusé sa démission et lui a demandé de conserver ses fonctions. Il souligne que sa décision initiale de démissionner ne venait ni d'un mouvement de mauvaise humeur ni d'une protestation déplacée, mais d'une perception que sa méthode de présidence n'obtenait plus le même consensus. Il interprète le vote de la Chambre comme un signe de confiance et une affirmation de l'indépendance de la présidence face aux entraînements momentanés des partis.

La presse commente le ton de son discours en le qualifiant de ""solennel"" et ""un peu solennels"", tout en louant la haute idée que M. Floquet se fait de ses fonctions et ses vues sur la ""force morale"" nécessaire à un président. Les applaudissements répétés de la Chambre témoignent de l'approbation de ses propos, et la presse note que tout malentendu est désormais dissipé.",1
187_18870714_1887-05-23_842_000.txt_2,"Quelle est la vision de M. Floquet concernant le rôle du président de la Chambre, et comment la presse évalue-t-elle son discours en termes d'effet sur les députés ?","M. Floquet conçoit le rôle du président de la Chambre comme celui d'un arbitre impartial, garant de la liberté de tous et de la dignité de l'Assemblée. Il insiste sur la nécessité de transcender les passions partisanes pour protéger le droit de chacun et le pouvoir légal de la Chambre. La presse salue cette vision, qualifiant son discours de ""fort bien dit"" et louant sa ""haute idée"" des fonctions présidentielles. Elle note que ses propos, bien que solennels, ont été ""fort applaudis"", dissipant tout malentendu et renforçant sa légitimité auprès des députés.",1
193_18871028_1887-10-27_014_000.txt_0,"En 1887, comment M. Lefèvre-Pontalis justifie-t-il son opposition à la proposition de loi sur les pensions pour les blessés de Février 1848, et quelle critique la presse formule-t-elle à l'égard de la majorité parlementaire qui a voté cette loi ?","M. Lefèvre-Pontalis justifie son opposition à la proposition de loi en arguant qu'elle constitue une reconnaissance du ""droit à l'insurrection"" et qu'elle crée une catégorie de privilégiés, les ""rentiers de la barricade"". Il critique également le coût financier de cette mesure, estimant qu'elle ajoute inutilement 200 000 francs de charges au budget de l'État. Il remet en question la légitimité de récompenser des actes révolutionnaires, surtout quarante ans après les événements, et s'interroge sur la difficulté de vérifier les revendications des bénéficiaires potentiels.

La presse, quant à elle, critique la majorité parlementaire pour avoir voté cette loi, la qualifiant de ""générosité intempestive"". Elle suggère que cette décision est motivée par des considérations politiques, notamment pour contrer les aspirations monarchistes, plutôt que par un réel souci de justice ou d'économie. La presse ironise sur le coût par bénéficiaire (1 000 francs par ""héros"") et implique que cette loi est une manière facile de gagner des faveurs politiques sans véritablement honorer les principes de la révolution de 1848.",1
194_18871028_1887-10-27_014_000.txt_1,"Quels arguments financiers M. Lefèvre-Pontalis avance-t-il contre la proposition de loi sur les pensions pour les blessés de Février 1848, et comment la presse ironise-t-elle sur le coût de cette mesure ?","M. Lefèvre-Pontalis soulève plusieurs arguments financiers contre la proposition de loi :

1. **Coût élevé et imprécis** : Il critique le montant de 200 000 francs de rentes annuelles, qui représente un capital de 4 millions de francs, ajouté aux 8 millions déjà votés pour les victimes du 2 décembre 1851. Il juge cette dépense ""fantaisiste"" et contraire aux promesses d'économie des programmes électoraux de 1885.

2. **Nombre incertain des bénéficiaires** : Il remet en question le nombre de survivants éligibles, soulignant que la pétition de 1884 ne compte que 95 signatures, ce qui est insuffisant pour justifier un projet de loi.

3. **Souscription nationale déjà existante** : Il rappelle qu'une souscription de 1,347,787 francs a déjà été répartie en 1848, offrant des secours substantiels aux blessés, et que les ministres de l'époque l'avaient jugée suffisante.

La presse, dans le *Document 5*, ironise sur le coût de la mesure en déclarant que ces ""200 héros"" coûteront ""1 000 francs par tête"", suggérant que la dépense est excessive pour un nombre limité de bénéficiaires. Elle ajoute une touche humoristique en imaginant une modification de la Marseillaise pour refléter cette nouvelle ""aristocratie de l'émeute"" et ses coûts budgétaires.",1
200_18871113_1887-11-12_010_000.txt_0,"Lors des obsèques d'Eugène Pottier en 1887, comment M. Maillard explique-t-il les violences policières, et quelle est la réaction de la presse à l'égard de l'incident ?","M. Maillard explique les violences policières lors des obsèques d'Eugène Pottier par deux raisons principales :

1. **Diversion** : Il suggère que le gouvernement a cherché à créer un conflit pour détourner l'attention de l'opinion publique de problèmes plus graves, notamment des ""faits d'une gravité telle"" que la Chambre avait décidé d'enquêter.

2. **Répression politique** : Maillard accuse le gouvernement de vouloir se débarrasser d'élus gênants. Il affirme que si les élus avaient répondu aux violences par la violence, ils auraient été condamnés à plus d'un mois d'emprisonnement, ce qui les aurait déchus de leur mandat et privés de leurs droits politiques pendant cinq ans.

**Réaction de la presse :**

Les documents ne fournissent pas une image complète de la réaction de la presse. Cependant, le Document 3 mentionne que l'incident a été largement couvert par les journaux, au point que ""le nom [de Pottier] est dans toutes les bouches et dans tous les journaux"".",1
201_18871113_1887-11-12_010_000.txt_1,"Quel est l'argument principal de M. Maillard concernant le drapeau rouge lors des obsèques d'Eugène Pottier, et comment la presse rapporte-t-elle la position du gouvernement sur cette question ?","L'argument principal de M. Maillard est que le drapeau rouge, bien qu'enveloppé dans un journal, ne justifiait pas l'intervention policière, car il n'était pas déployé sur la voie publique. Il accuse les agents de provocation et de violence injustifiées. La presse, comme le rapporte le Document 3, souligne que le gouvernement, par la voix du ministre de l'Intérieur, maintient une position ferme : il ne tolère pas l'exhibition du drapeau rouge, symbole de révolte, sur la voie publique, même s'il est dissimulé. Le ministre insiste sur le respect de la loi et la prévention de tout trouble à l'ordre public, justifiant ainsi l'intervention policière.",1
214_18871217_1887-12-16_016_000.txt_0,"En 1887, quelles critiques M. Jolibois formule-t-il à la Chambre concernant la gestion du projet de l'hôtel des postes, et comment la presse décrit-elle l'état de ce bâtiment ?","En 1887, M. Jolibois critique à la Chambre la gestion du projet de l'hôtel des postes, soulignant les **vices de construction et d'appropriation** qui rendent le bâtiment inutilisable pour son service prévu. Il dénonce les **responsabilités engagées** et l'absence de contrôle parlementaire sérieux, notamment avec la déclaration d'urgence et la discussion immédiate du projet de loi. La presse, comme dans le *Document 5*, décrit l'hôtel des postes comme un bâtiment **non terminé** et dont l'inauguration, prévue en 1886, est retardée. Ces éléments illustrent les dysfonctionnements administratifs et techniques du projet.",1
216_18871217_1887-12-16_016_000.txt_2,"Quelle mesure M. Ganivet propose-t-il pour assurer la poursuite des responsabilités dans l'affaire de l'hôtel des postes, et comment la presse en rend-elle compte ?","M. Ganivet propose l'adoption d'un article additionnel à la loi, qui impose au ministre de l'instruction publique et des beaux-arts de rechercher les responsabilités engagées dans les travaux de l'hôtel des postes. Cet article stipule que le ministre doit rendre compte au Sénat et à la Chambre des députés des résultats de ces recherches dans un délai de trois mois. La presse, comme mentionné dans le Document 5, souligne que l'opinion publique exige des éclaircissements sur les nominations au ministère des postes et des télégraphes, suggérant un lien indirect avec la nécessité de transparence et de responsabilité dans les affaires publiques, y compris dans le cas de l'hôtel des postes.",1
233_18870123_1887-01-21_008_005.txt_0,"En 1887, quels arguments M. Liais avance-t-il à la Chambre pour demander une augmentation de crédit pour le personnel des ports, et comment la presse décrit-elle son intervention ?","En 1887, M. Liais demande une augmentation de crédit de 375 000 francs pour renforcer le personnel dans les ports, en particulier pour le commissariat et les corps secondaires. Il accuse l'amiral Aube de négliger ses devoirs en sacrifiant ces services et demande un blâme contre lui. Il affirme que le personnel est insuffisant et que les préfets maritimes se plaignent de cette situation. Il souligne également l'injustice de modifier les conditions de travail des employés de l'État sans consultation préalable du Parlement.

La presse décrit l'intervention de M. Liais comme une ""diatribe virulente"" et note qu'il est ""bigrement en colère"". Elle rapporte qu'il accuse l'amiral Aube de manquer de patriotisme et de négliger les intérêts de la marine. L'article souligne également que M. Liais prétend tenir ses informations des préfets maritimes, ce qui ajoute du poids à ses accusations.",1
243_18870131_1887-01-29_008_000.txt_0,"En 1887, quel argument central M. Pichon avance-t-il pour supprimer le budget des cultes, et comment la presse décrit-elle la majorité qui a rejeté cette proposition ?","En 1887, M. Pichon avance l'argument que le Concordat n'est plus respecté ni par l'Église ni par l'État, ce qui rend caduque l'obligation de financer les cultes. Il souligne que l'Église a évolué depuis 1802, adoptant des doctrines et des structures contraires à l'esprit gallican, tandis que l'État ne respecte pas non plus les termes du traité. La presse décrit la majorité qui a rejeté la suppression du budget des cultes comme une alliance entre les opportunistes (républicains modérés) et les conservateurs, critiquant leur ""sollicitude apparente"" envers les finances de la République tout en maintenant un financement public des cultes, notamment catholique. Cette majorité est perçue comme une entrave à la laïcité et à la liberté de conscience, reflétant un clivage entre les républicains radicaux et les forces plus traditionalistes.",1
260_18870216_1887-02-14_006_001.txt_0,"En 1887, quels arguments M. Cuneo d'Ornano avance-t-il à la Chambre pour critiquer la gestion des loteries, et comment la presse résume-t-elle l'impact financier de ces loteries sur les œuvres caritatives ?","En 1887, M. Cuneo d'Ornano critique la gestion des loteries en soulignant que depuis 1878, les loteries ont émis des billets pour une valeur de cent millions de francs, mais que seulement quarante millions ont été affectés aux œuvres caritatives pour lesquelles elles étaient censées servir de prétexte. Le reste, soit soixante millions, a été perçu par les intermédiaires. Il dénonce également les frais d'administration et de publicité excessifs, qui ont atteint 3 millions et demi de francs pour trente-quatre mois, soit 100 000 francs par mois. La presse, quant à elle, résume l'impact financier en parlant de ""scandale"", tout en reconnaissant les bonnes intentions initiales de M. Antonin Proust, instigateur de la loterie des Arts décoratifs.",1
270_18870227_1887-02-25_009_012.txt_0,"En 1887, comment Camille Pelletan critique-t-il l'efficacité du droit de douane sur le blé, et quelle est la réaction de la presse à son discours ?","En 1887, Camille Pelletan critique l'efficacité du droit de douane sur le blé en soulignant que ce droit est inefficace en temps normal, car la concurrence étrangère ne représente qu'une part insuffisante de la consommation nationale. Il ne deviendrait efficace que dans des situations de disette, où l'importation étrangère serait cruciale. Pelletan met en garde contre les conséquences désastreuses d'une telle mesure en cas de pénurie, notamment la spéculation et la hausse des prix. Il propose plutôt d'améliorer les méthodes agricoles pour réduire les coûts de production.

La presse, comme illustré dans le Document 3, présente Pelletan comme un défenseur du ""pain cher"" et souligne son argument selon lequel le blé, en tant que nourriture de base, ne devrait pas être soumis à des droits de douane. Le discours de Pelletan est décrit comme éloquent et reçoit des applaudissements vigoureux, indiquant un soutien significatif à ses idées.",1
271_18870227_1887-02-25_009_012.txt_1,"Selon Camille Pelletan, quels sont les risques associés à l'augmentation des droits de douane sur le blé, et comment la presse résume-t-elle sa solution alternative pour aider les agriculteurs ?","Selon Camille Pelletan, l'augmentation des droits de douane sur le blé présente plusieurs risques majeurs :

1. **Inefficacité en temps normal** : Les droits de douane ne parviendront pas à relever significativement le prix du blé en période de récolte normale, car la concurrence étrangère ne représente qu'une part insuffisante de la consommation nationale.

2. **Efficacité désastreuse en cas de disette** : En cas de mauvaise récolte, les droits de douane pourraient aggraver la situation en augmentant les prix des importations nécessaires, ce qui pourrait entraîner une panique et des souffrances pour les populations.

3. **Spéculation** : Les droits de douane pourraient encourager la spéculation, qui profiterait des situations de pénurie pour augmenter les prix et exploiter les malheurs publics.

4. **Coûts supplémentaires** : Les droits de douane s'ajouteraient aux coûts déjà élevés des transports intérieurs et des frets, augmentant ainsi le prix final du blé pour les consommateurs.

**Solution alternative proposée par Pelletan** :

La presse résume la solution alternative de Pelletan comme suit :

* **Réduire les prix de revient** : Pelletan propose de se concentrer sur la réduction des coûts de production pour les agriculteurs, plutôt que d'essayer d'augmenter les prix de vente. Cela peut être réalisé par des progrès techniques et des réformes structurelles.

* **Réformes fiscales et budgétaires** : Pelletan suggère de réformer le système fiscal et budgétaire pour réduire les charges pesant sur les agriculteurs, notamment en supprimant l'impôt des prestations et en réaffectant les fonds du budget des cultes.

* **Amélioration des pratiques agricoles** : Pelletan encourage les agriculteurs à renouveler leurs méthodes de culture et à adopter des pratiques plus efficaces pour réduire leurs coûts de production.

En résumé, Pelletan propose une approche plus globale et durable pour aider les agriculteurs, en se concentrant sur la réduction des coûts de production et la mise en œuvre de réformes structurelles, plutôt que de s'appuyer sur des mesures protectionnistes comme les droits de douane.",1
279_18870312_1887-02-25_009_001.txt_0,"En 1887, quels arguments M. Lejeune avance-t-il à la Chambre pour justifier la surtaxe des droits sur les céréales, et comment la presse décrit-elle l'impact de cette mesure sur les travailleurs ?","En 1887, M. Lejeune justifie la surtaxe des droits sur les céréales à la Chambre en mettant en avant plusieurs arguments clés :

1. **Protection des travailleurs agricoles** : Il souligne que la baisse des prix des céréales a entraîné une diminution des salaires des ouvriers agricoles, non seulement en termes de rémunération mais aussi en raison de l'augmentation du chômage. Cette situation pousse les travailleurs à migrer vers les villes, où ils ne trouvent pas non plus d'emploi. La surtaxe vise à protéger ces travailleurs en stabilisant les prix des céréales et en soutenant l'agriculture française.

2. **Impact sur l'ensemble des travailleurs** : Lejeune argue que la diminution des revenus des ouvriers agricoles affecte l'ensemble de l'économie française. Les ouvriers agricoles, étant les principaux consommateurs de produits manufacturés, voient leur pouvoir d'achat réduit, ce qui entraîne une baisse de la demande pour les produits industriels et, par conséquent, une diminution des salaires dans les villes.

3. **Sécurité alimentaire et dépendance** : Il met en garde contre la dépendance croissante de la France envers les importations de céréales, citant l'exemple de l'Angleterre, qui importe la majeure partie de sa nourriture. La surtaxe vise à encourager la production nationale de céréales et à réduire cette dépendance.

4. **Stabilisation des prix** : Lejeune affirme que la surtaxe de 3 francs a empêché les prix du blé en France de chuter aussi bas qu'à l'étranger, stabilisant ainsi les revenus des agriculteurs français.

**Impact sur les travailleurs selon la presse** :
La presse, comme illustré dans les documents, décrit l'impact de la surtaxe sur les travailleurs de manière contrastée. D'un côté, M. Félix Faure argue que la surtaxe de 1885 a entraîné une augmentation du prix du pain, ce qui a pesé sur les ménages ouvriers. De l'autre, Lejeune et d'autres défenseurs de la surtaxe soutiennent que cette mesure protège les travailleurs agricoles en stabilisant leurs revenus et en réduisant le chômage. La presse met également en avant les débats sur l'équité de cette mesure, certains affirmant qu'elle bénéficie principalement aux grands propriétaires plutôt qu'aux petits agriculteurs et aux ouvriers.

En résumé, M. Lejeune justifie la surtaxe par la nécessité de protéger les travailleurs agricoles, de stabiliser l'économie et d'assurer la sécurité alimentaire, tandis que la presse souligne les débats sur son impact réel sur les différentes catégories de travailleurs.",1
282_18870314_1887-03-12_010_002.txt_0,"En 1887, quel amendement M. Prévet propose-t-il concernant les droits de douane sur les farines, et comment la presse rapporte-t-elle son rejet ?","En 1887, M. Prévet propose un amendement visant à élever le droit de douane sur les farines de 8 à 10 francs par quintal, arguant que ce droit est nécessaire pour maintenir une proportionnalité logique avec le droit sur le blé, fixé à 5 francs. Il soutient que sans cette augmentation, le droit sur le blé perdrait une partie de son efficacité et que les ports français seraient désavantagés. Cependant, la commission repousse cet amendement, maintenant le chiffre de 8 francs. La presse rapporte que la Chambre des députés n'a pas adopté l'amendement de M. Prévet, avec 145 voix pour et 310 contre, et que la proposition de la commission à 8 francs a été adoptée avec 323 voix pour et 149 contre.",1
291_18870321_1887-03-10_006_007.txt_0,"En 1887, quels arguments M. Bourgeois avance-t-il à la Chambre pour critiquer la politique agricole du gouvernement, et comment la presse rapporte-t-elle la réaction de la Gauche à son discours ?","En 1887, M. Bourgeois critique la politique agricole du gouvernement en avançant plusieurs arguments clés :

1. **Injustice fiscale** : Il dénonce les impôts qui pèsent sur l'agriculture, comme les droits hypothécaires, les frais de justice, et les taxes sur la circulation des produits agricoles. Il estime que ces charges empêchent les agriculteurs de prospérer.

2. **Protection insuffisante** : Bien que le gouvernement ait mis en place des droits de douane pour protéger l'agriculture, Bourgeois juge cette protection insuffisante, notamment en raison des ""douanes intérieures"" (comme l'octroi) qui entravent la circulation des produits agricoles à l'intérieur du pays.

3. **Inégalité des charges** : Il plaide pour une révision des lois fiscales afin de répartir équitablement les charges publiques en fonction des facultés de chacun, critiquant l'iniquité actuelle.

4. **Liberté économique** : Bourgeois estime que le salut de l'agriculture réside dans la liberté, et non dans un système de protectionnisme qui ne profite pas pleinement aux agriculteurs.

**Réaction de la Gauche rapportée par la presse** :  
La presse mentionne que les arguments de Bourgeois sont accueillis favorablement à gauche, avec des interruptions et des applaudissements (""Très bien ! très bien ! à gauche""). Cela suggère que la Gauche soutient ses critiques envers la politique agricole du gouvernement et ses propositions de réforme fiscale en faveur des agriculteurs.",1
319_18870514_1887-05-12_005_000.txt_0,"En 1887, quelle solution M. Steenackers propose-t-il pour améliorer la sécurité du personnel de l'Opéra-Comique en cas d'incendie, et comment le ministre Berthelot justifie-t-il la réticence du gouvernement à engager les dépenses nécessaires ?","En 1887, M. Steenackers propose d'augmenter le périmètre de la scène de l'Opéra-Comique en faisant l'acquisition de l'immeuble adjacent sur le boulevard des Italiens. Cette mesure permettrait d'aménager des locaux nécessaires au service de la scène et de garantir la sécurité des 300 à 400 personnes travaillant sur place. Il estime que la dépense, bien que considérable (environ 1 million de francs après déductions), est justifiée par l'urgence de la situation.

Le ministre Berthelot reconnaît les dangers et la responsabilité du gouvernement, mais justifie la réticence à engager les dépenses par le coût élevé (3,2 millions de francs selon les études) et la nécessité de soumettre un projet de loi au Parlement. Il souligne que le gouvernement a déjà reculé devant cette dépense, malgré l'existence d'un projet depuis 1883. Il propose de soumettre la question au ministre des finances, mais l'idée de demander un tel crédit est accueillie avec scepticisme, illustrant les contraintes budgétaires de l'époque.",1
346_18870613_1887-05-23_185_000.txt_0,"En 1887, comment M. Keller critique-t-il la préparation de la loi organique militaire, et quelle est la réaction de la presse à son discours ?","En 1887, M. Keller critique la préparation de la loi organique militaire en soulignant plusieurs points :

1. **Manque de consultation des experts militaires** : Il regrette que le Conseil supérieur de la guerre, composé de généraux de division nommés par le ministre, n'ait pas été consulté. Il affirme que si cela avait été fait, la loi n'aurait pas été approuvée par les chefs de l'armée.

2. **Incompétence de la Chambre** : Keller pointe du doigt le manque de compétences militaires au sein de la Chambre, où seuls quelques anciens officiers, n'ayant pas dépassé le grade de capitaine, sont présents. Il estime que cela rend la Chambre incompétente pour juger de telles réformes.

3. **Succession rapide des ministres de la guerre** : Il note que depuis 1871, il y a eu 17 ministres de la guerre, ce qui a conduit à des propositions de réformes souvent divergentes et à un manque de continuité.

4. **Manque de préparation et de réflexion** : Keller estime que la loi a été mal préparée et qu'elle vient entraver des réformes nécessaires. Il critique l'absence d'une véritable enquête militaire et le fait que la commission de l'armée, bien que laborieuse, manquait d'un élément crucial : l'avis des militaires de carrière.

**Réaction de la presse** :

Le document 2, qui semble être un article de presse, décrit le discours de Keller comme une ""diatribe"" et un ""rabâchage"", suggérant que la presse (ou du moins cette source particulière) n'est pas favorable à son intervention. L'article minimise l'importance de son discours en disant que ""vous me saurez gré de vous en faire grâce"", indiquant une certaine indifférence ou un manque d'intérêt pour les arguments de Keller.

En résumé, M. Keller critique la préparation de la loi pour son manque de consultation des experts, l'incompétence perçue de la Chambre, la succession rapide des ministres et le manque de préparation, tandis que la presse (ou cette source particulière) semble minimiser l'importance de son discours.",1
347_18870613_1887-05-23_185_000.txt_1,"Quel argument M. Keller avance-t-il pour défendre le corps des officiers français, et comment la presse résume-t-elle l'intervention du général Ferron ?","M. Keller défend le corps des officiers français en soulignant sa double origine : d'une part, des officiers issus des écoles militaires, sélectionnés par leur mérite et leur travail, et d'autre part, des soldats sortis du rang qui accèdent aux grades d'officiers. Cette dualité assure un niveau supérieur de compétence et une forte cohésion au sein de l'armée. Il met en avant l'éducation et la valeur personnelle comme critères d'accession aux grades, rejetant ainsi l'idée d'un système basé uniquement sur la naissance ou la fortune.

La presse résume l'intervention du général Ferron en mettant l'accent sur son discours sobre et pratique. Il défend le projet de loi en annonçant son intention d'améliorer la condition morale et matérielle des sous-officiers, ainsi que d'accorder des congés d'hiver aux étudiants et séminaristes pour leur permettre de poursuivre leurs études. Il insiste sur le fait que, malgré ces aménagements, toute la France sera prête pour les grandes manœuvres de juillet, symbolisant ainsi la préparation du pays à la guerre. Ses paroles, vivement applaudies à gauche, soulignent la volonté de l'armée de se préparer non pas à mourir pour la patrie, mais à vaincre.",1
353_18870619_1887-05-23_266_015.txt_1,"Comment M. Basly répond-il aux arguments de M. Piou concernant les accidents dans les mines, et quelle démonstration pratique utilise-t-il pour appuyer son propos ?","M. Basly conteste l'affirmation de M. Piou selon laquelle les accidents dans les mines sont principalement dus à l'imprudence des ouvriers. Il attribue plutôt ces accidents au manque de précautions de la part des directeurs des compagnies minières, motivés par la recherche de profits et de dividendes. Pour illustrer son point, M. Basly présente deux lampes de mineur à ses collègues. Il démontre qu'il est impossible pour un ouvrier de provoquer une explosion en allumant sa pipe sur la lampe ou en la frappant avec un pic. Cette démonstration pratique vise à montrer que les compagnies minières devraient investir dans des équipements de sécurité plus fiables pour protéger les travailleurs, plutôt que de blâmer les ouvriers pour les accidents.",1
355_18870620_1887-05-23_286_013.txt_0,"En 1887, quelle est la proposition de M. Dupuy concernant le service militaire des individus nés en France de parents étrangers, et comment la presse décrit-elle le débat et le rejet de cette proposition ?","En 1887, M. Charles Dupuy propose une disposition additionnelle à la loi militaire visant à déclarer Français et à soumettre au service militaire tout individu né en France d'un étranger qui lui-même y est né. Cette proposition a pour but de mettre fin à la situation privilégiée des étrangers en France, qui, selon lui, bénéficient des avantages du pays sans en assumer les charges, notamment le service militaire.

La presse, comme illustré dans le **Document 4**, décrit le débat autour de cette proposition comme intense et controversé. Plusieurs orateurs soulignent que cette disposition, qui tranche une question de naturalisation, n'est pas à sa place dans une loi de recrutement. Après un long débat, la Chambre rejette l'amendement de M. Dupuy par 301 voix contre 218. Un autre amendement similaire, proposé par M. de la Ferronnays, subit le même sort. La presse souligne ainsi que la proposition de M. Dupuy, bien que soutenue par une partie de l'Assemblée, est finalement rejetée en raison de son caractère jugé inapproprié dans le cadre d'une loi militaire.",1
363_18870625_1887-05-23_185_000.txt_1,"Quel argument M. Keller avance-t-il pour défendre le corps des officiers français, et comment la presse décrit-elle l'ambiance à la Chambre lors de la discussion sur la loi militaire ?","M. Keller défend le corps des officiers français en soulignant sa double origine : d'une part, des officiers issus des écoles militaires, sélectionnés sur la base du mérite et de l'éducation, et d'autre part, des soldats sortis du rang qui ont gravi les échelons grâce à leur valeur personnelle. Cette dualité assure un niveau supérieur de compétence et une forte cohésion au sein de l'armée, où le mérite prime sur la naissance ou la fortune. 

Quant à l'ambiance à la Chambre lors de la discussion sur la loi militaire, la presse la décrit comme tendue et marquée par des divisions. Les débats sont animés, avec des interventions passionnées de la part de M. Keller et d'autres députés, comme M. Laisant, qui s'opposent sur les principes de la loi. Les réactions de la Chambre varient entre approbations (""Très bien ! très bien !"") et désaccords, reflétant les clivages politiques et les enjeux militaires en jeu. La presse souligne également l'importance des arguments militaires et techniques, ainsi que les critiques adressées au gouvernement et à la commission chargée de la loi.",1
371_18870629_1887-05-23_409_008.txt_0,"En 1887, quel argument principal M. Labordère avance-t-il pour justifier l'élection du Sénat par le suffrage universel, et comment la presse résume-t-elle l'enjeu de sa proposition ?","En 1887, M. Labordère avance principalement que l'élection actuelle des sénateurs par un suffrage indirect et restreint constitue une violation des droits du suffrage universel. Il argue que les sénateurs, élus par des délégués de conseillers municipaux (électeurs du troisième degré), ne représentent pas directement la volonté du peuple. Il plaide pour que le Sénat soit élu par le suffrage universel direct, afin de rétablir la souveraineté nationale et de respecter les principes républicains.

La presse résume l'enjeu de sa proposition en soulignant qu'il s'agit de corriger une ""violation flagrante des droits du suffrage universel"" et de déterminer si la Chambre des députés estime que ses électeurs doivent être maintenus en tutelle ou s'ils méritent la confiance nécessaire pour élire directement les sénateurs.",1
374_18870630_1887-05-23_422_009.txt_0,"En 1887, quel argument principal M. Millerand avance-t-il à la Chambre pour demander la suppression de l'article 21 concernant les élèves de l'École normale supérieure, et comment la presse résume-t-elle sa position ?","En 1887, M. Millerand avance principalement l'argument de l'égalité devant la loi militaire pour demander la suppression de l'article 21, qui exempte les élèves de l'École normale supérieure du service militaire obligatoire. Il soutient que cette exemption crée une inégalité injustifiée entre les normaliens et d'autres étudiants, comme les boursiers de licence ou d'agrégation, qui ne bénéficient pas du même privilège. Millerand argue que cette distinction n'est pas fondée sur des raisons militaires, mais sur des considérations civiles, ce qui ouvre la porte à d'autres exemptions et affaiblit le principe d'égalité. 

La presse résume sa position en soulignant son insistance sur l'égalité devant la loi militaire et son opposition à toute exemption basée sur des critères autres que militaires. Elle met en avant son argument selon lequel l'article 21 non seulement viole ce principe, mais risque également de compromettre l'unité et la cohésion du corps enseignant en créant une distinction humiliante entre les normaliens et les autres instituteurs.",1
389_18870709_1887-05-23_678_002.txt_1,"Quelle position M. Laisant adopte-t-il concernant la loi militaire après le rejet de l'article 49, et comment la presse interprète-t-elle son attitude ?","M. Laisant, après le rejet de l'article 49 de la loi militaire, exprime son indignation en quittant non seulement le banc de la commission, mais aussi la salle des séances. La presse, dans le document 5, compare son attitude à celle de Coriolan, un personnage historique connu pour son exil et sa colère, suggérant ainsi que M. Laisant se retire dans un état d'amertume et de désaccord profond avec la décision prise.",1
390_18870709_1887-05-23_678_002.txt_2,"Comment M. de Mahy défend-il la poursuite des débats sur la loi militaire malgré la démission du rapporteur, et quelle est la réaction de la presse à cette intervention ?","M. de Mahy, président de la commission, défend la poursuite des débats sur la loi militaire en affirmant que la commission reste constituée et qu'elle se sent responsable devant le pays de mener à bien cette tâche. Il souligne que la commission a un organe, en la personne de son président, et que ses membres seront délégués pour porter la parole en son nom à chaque phase de la discussion. Cette intervention est accueillie favorablement à gauche, avec des expressions comme ""Très bien !"" et ""très bien !"". La presse, représentée ici par E. Vaughan, rapporte que M. de Mahy a montré qu'il pouvait remplacer à merveille le rapporteur démissionnaire, et que la commission continuera son travail malgré les obstacles.",1
413_18871204_1887-05-23_799_000.txt_0,"En 1887, comment la presse décrit-elle l'atmosphère à la Chambre lors de la lecture de la lettre de démission du président de la République, et quel contraste cela établit-il avec le débat parlementaire sur la démission du président de la Chambre ?","La presse décrit l'atmosphère à la Chambre lors de la lecture de la lettre de démission du président de la République (Jules Grévy) comme étant marquée par un **silence profond et solennel**, sans applaudissements ni murmures, reflétant le respect pour la nation et la gravité de la situation (Document 4). Ce calme contraste fortement avec le débat parlementaire sur la démission du président de la Chambre (Charles Floquet), où les échanges sont **animés et conflictuels**, avec des interruptions, des protestations et des votes publics (Document 3). Alors que la démission du président de la République est traitée avec une **dignité institutionnelle**, celle du président de la Chambre donne lieu à des **tensions politiques** et à des débats procéduraux, illustrant les divisions au sein de l'Assemblée.",1
457_18870227_1887-02-25_009_012.txt_0,"Quelle critique le journal adresse-t-il à l'argumentation de Camille Pelletan, député qui dénonce l'inefficacité des droits de douane sur le blé en temps normal et leurs effets désastreux en cas de disette ?","Le journal critique l'argumentation de Camille Pelletan en soulignant qu'il ne propose pas de solutions concrètes pour aider les agriculteurs, se contentant de dénoncer les droits de douane sans offrir d'alternatives. Le journal suggère que Pelletan, bien qu'il reconnaisse les souffrances des campagnes, ne fait que critiquer sans constructivité, ce qui est insuffisant pour résoudre les problèmes agricoles.",1
571_18870622_18870623_0,"En 1887, entre L'Intransigeant et Le Gaulois, lequel est le plus critique de la suppression des dispenses légales du service militaire ?","Les documents fournis ne mentionnent ni *L'Intransigeant* ni *Le Gaulois*. Ils se concentrent sur les débats parlementaires autour de la loi militaire de 1887, notamment la suppression des dispenses légales. Aucun élément ne permet de comparer les positions de ces journaux. 

**Je ne sais pas.**",1
573_18870622_18870623_2,"En 1887, lequel des deux journaux met l’accent sur les implications politiques de la réforme militaire, et lequel sur les implications sociales ?","Le Document 1 met l'accent sur les implications sociales de la réforme militaire, en discutant des dispenses du service militaire et de leur impact sur les familles, notamment les fils aînés de veuves millionnaires. 

Le Document 5, quant à lui, met l'accent sur les implications politiques de la réforme, en critiquant la majorité pour sa volonté de faire ""table rase de toutes les institutions du passé"" et de constituer une armée qui soit ""aussi peu que possible une armée"", ainsi qu'en discutant des amendements proposés et de leur impact sur la composition de l'armée.

**Réponse :** Le Document 1 met l'accent sur les implications sociales, tandis que le Document 5 met l'accent sur les implications politiques.",1
574_18870622_18870623_3,"Entre L'Intransigeant et Le Gaulois, lequel présente le ministre de la guerre sous un jour favorable, et lequel le critique ?","Le document 1, extrait de *L'Intransigeant*, présente le ministre de la guerre, le général Ferron, sous un jour critique. L'article souligne son soutien au service militaire de trois ans et son opposition aux exemptions pour les séminaristes et les instituteurs, ce qui provoque des tensions avec certains députés comme M. Lassant. Le ton est ironique et met en avant les désaccords politiques.

Le document 2, extrait du *Gaulois*, adopte une perspective plus favorable envers le ministre de la guerre. Il insiste sur le besoin impérieux des 86 millions pour la transformation de l'armée et présente les adversaires du ministre comme cherchant à le renverser pour des raisons politiques, plutôt que par souci de l'intérêt national.

**Réponse :**  
*Le Gaulois* présente le ministre de la guerre sous un jour favorable, tandis que *L'Intransigeant* le critique.",1
680_18870707_18870706_4,"Lequel des journaux insiste sur les détails techniques du service militaire (durées, chiffres), et lequel se concentre sur les enjeux politiques ?","Le **Document 1** et le **Document 2** insistent sur les détails techniques du service militaire, notamment les durées (3 ans d'armée active, 6 ans d'armée territoriale, etc.), les chiffres (50 000 dispensés), et les amendements précis.  

Le **Document 3** et le **Document 5** se concentrent davantage sur les enjeux politiques, comme l'exclusion des militaires du droit de vote, l'impact social des dispenses, ou les critiques sur la démocratie et la défense nationale.  

Le **Document 4** mêle les deux aspects, mais avec une dominante technique (dispenses, amendements).",1
692_18870707_18870709_3,"Entre L'Intransigeant et Le Gaulois, lequel présente la loi militaire comme une 'comédie parlementaire' et lequel en discute les détails techniques ?","D'après les documents fournis, **Le Gaulois** (représenté par les extraits des Documents 1, 2, 3 et 4) se concentre sur les **détails techniques** de la loi militaire, comme les débats sur la durée du service, les exemptions, ou les amendements. En revanche, **L'Intransigeant** (représenté par le Document 5) adopte un ton critique et ironique, qualifiant la loi de ""détestable"" et de ""comédie parlementaire"", reflétant ainsi une posture plus politique et moins technique. 

**Réponse :**  
- **Le Gaulois** discute les détails techniques.  
- **L'Intransigeant** présente la loi comme une 'comédie parlementaire'.",1
753_18870607_18870608_1,"En 1887, lequel des deux journaux, L'Intransigeant ou Le Gaulois, met davantage l'accent sur les conséquences sociales de la loi militaire, notamment sur l'impact sur les carrières libérales et les études ?","Je ne sais pas. Les documents fournis ne mentionnent pas les journaux *L'Intransigeant* ou *Le Gaulois*, et ne contiennent pas d'informations spécifiques sur l'accent mis par ces journaux sur les conséquences sociales de la loi militaire en 1887.",1
756_18870622_18870620_0,"En 1887, entre L'Intransigeant et Le Gaulois, lequel met l'accent sur les débats autour de la durée du service militaire et lequel se concentre sur les dispenses et leurs implications sociales ?","En 1887, selon les documents fournis, **Le Gaulois** (représenté par les extraits des débats parlementaires) met l'accent sur les débats autour de la **durée du service militaire**, notamment la question du service de trois ans et ses implications militaires et budgétaires (Documents 1, 3, 4). En revanche, **L'Intransigeant** (représenté par les commentaires critiques et les analyses) se concentre davantage sur les **dispenses et leurs implications sociales**, en particulier l'abolition des dispenses légales et les critiques envers les privilèges des classes aisées (Documents 2, 5). 

Ainsi, **Le Gaulois** traite principalement de la durée du service, tandis que **L'Intransigeant** insiste sur les dispenses et leurs enjeux sociaux.",1
764_18870622_18870623_1,"En 1887, quelle est la position de L'Intransigeant et du Gaulois concernant l'abolition des dispenses légales dans la loi militaire, et comment justifient-ils leurs opinions respectives ?","L'Intransigeant et Le Gaulois ont des positions opposées concernant l'abolition des dispenses légales dans la loi militaire de 1887.

**L'Intransigeant** (représenté par Laisant) soutient l'abolition des dispenses légales. Il argue que ces dispenses, existantes depuis la loi de 1872, favorisaient injustement les fils de familles riches, notamment les ""fils de veuves millionnaires"". Laisant affirme que le nouveau système, basé sur l'appréciation du conseil de révision, permettra une plus grande équité en soumettant tous les cas de dispense au même examen, y compris ceux des privilégiés.

**Le Gaulois** (représenté par Henri Conseil) s'oppose fermement à l'abolition. Il considère que la suppression des dispenses légales est une ""atteinte grave"" aux privilèges des fils aînés de veuves et une mesure ""arbitraire"" qui introduit la politique dans les décisions du conseil de révision. Le journal critique également l'argument militaire, affirmant que l'incorporation des dispensés ne renforcera pas significativement l'armée et pourrait même créer des problèmes logistiques.
 **

En résumé, L'Intransigeant voit l'abolition comme une mesure d'équité sociale, tandis que Le Gaulois la perçoit comme une attaque contre les privilèges et une source potentielle d'arbitraire.",1
766_18870226_18870227_0,"En 1887, comment L'Intransigeant et Le Gaulois présentent-ils les arguments de Camille Pelletan sur la protection des céréales, et quelles différences de tonalité et d'accent apparaissent dans leur couverture ?","Je ne sais pas. Les documents fournis ne contiennent pas suffisamment d'informations pour répondre à la question, notamment concernant la présentation des arguments de Camille Pelletan par *L'Intransigeant* et *Le Gaulois*, ainsi que les différences de tonalité et d'accent dans leur couverture.",1
767_18870226_18870227_1,"En 1887, quelles sont les positions respectives de L'Intransigeant et Le Gaulois concernant les solutions proposées pour soutenir l'agriculture, et comment ces positions reflètent-elles leurs orientations éditoriales ?","Je ne sais pas. Les documents fournis ne mentionnent pas les positions de L'Intransigeant et Le Gaulois concernant les solutions pour soutenir l'agriculture en 1887. Ils traitent principalement des débats parlementaires sur le budget, les sous-préfectures, les fonds secrets, les élections, et les réformes militaires, sans aborder les journaux cités.",1
768_18870226_18870227_2,"En 1887, comment L'Intransigeant et Le Gaulois interprètent-ils l'impact potentiel du droit de 5 francs sur le prix du pain et sur les agriculteurs, et quelles sont les implications politiques de ces interprétations ?","**L'Intransigeant** (via Camille Pelletan) et **Le Gaulois** présentent des interprétations divergentes sur l'impact du droit de 5 francs sur les céréales :

1. **Impact sur le prix du pain** :  
   - **L'Intransigeant** (Pelletan) : Le droit est inefficace en temps normal et ne relèvera pas le prix du blé. Il ne serait utile qu'en cas de disette, où il aggraverait la situation en favorisant la spéculation, rendant le pain plus cher et provoquant l'ire des populations.  
   - **Le Gaulois** : Le droit n'entraînera pas de renchérissement du pain, comme l'a montré le droit de 3 francs. Les blés étrangers resteront compétitifs, et le but est plutôt d'éviter une baisse excessive des prix ruinant les agriculteurs.

2. **Impact sur les agriculteurs** :  
   - **L'Intransigeant** : Le droit ne résout pas les problèmes structurels de l'agriculture. Pelletan propose des réformes techniques et sociales (crédit agricole, baisse des tarifs de transport) plutôt qu'une protection douanière.  
   - **Le Gaulois** : Le droit soutiendra moralement les agriculteurs (""du cœur au ventre"") et encouragera les progrès techniques, sans les enrichir directement.

3. **Implications politiques** :  
   - **L'Intransigeant** (opposition républicaine) : Critique les partisans du droit comme réactionnaires, défendant les grands propriétaires au détriment des consommateurs. Pelletan met en garde contre une mesure impopulaire en cas de crise.  
   - **Le Gaulois** (droite conservatrice) : Soutient le droit comme mesure modérée, répondant aux demandes des agriculteurs tout en évitant les risques sociaux brandis par les libre-échangistes (ex. : révolution).  

En résumé, **L'Intransigeant** dénonce une mesure inefficace et dangereuse, tandis que **Le Gaulois** la présente comme un compromis nécessaire pour stabiliser l'agriculture sans nuire au consommateur. Ces interprétations reflètent les clivages politiques entre républicains progressistes et conservateurs protectionnistes.",1
839_18870707_18870709_0,"En 1887, comment L'Intransigeant et Le Gaulois présentent-ils la démission de M. Laisant de son rôle de rapporteur de la loi militaire, et quelles sont les implications politiques de cet événement selon chaque journal ?","Les documents fournis ne contiennent pas suffisamment d'informations pour répondre à la question concernant la manière dont *L'Intransigeant* et *Le Gaulois* présentent la démission de M. Laisant en 1887, ni sur les implications politiques de cet événement selon chaque journal. Les textes se concentrent principalement sur les débats parlementaires autour de la loi militaire, les positions des différents députés et ministres, ainsi que sur les tensions politiques de l'époque, mais ils ne mentionnent pas spécifiquement les réactions de ces deux journaux. 

Je ne sais pas.",1
